record_id,record_type,label_as_printed,variants_as_printed,description_as_printed,action_type,subject_ids,object_ids,date_as_printed,place_as_printed,source_ref,quote,inferred,reading_status,outside_identification
PER-01,person,Dr. Trimen,"DR. TRIMEN'S (S03 l.1; S04 l.1) | Dr. Trimen (S03 l.5, l.15, l.17; S04 l.3, l.9, l.11)","Dr. Trimen, who has seen the Ceylon and Indian plantations, and many mature analyzed trees, knows and has figured *C. Ledgeriana* (S03 l.17)",,,,,,"The Tropical Agriculturist, July 1883, p. 37 (S03_ocr.txt l.1, l.5, l.15, l.17); The Tropical Agriculturist, July 1883, p. 66 (S04_ocr.txt l.1, l.3, l.9, l.11)",DR. TRIMEN'S TYPICAL LEDGERIANA TREE.,"The 'Dr. Trimen' of S03 and of S04 are taken to be the same person (same surname, same controversy, same issue of the journal); neither passage gives a forename.",ok,"UNVERIFIED candidate from the assistant's background knowledge, not from the source and not checked against any authority: Henry Trimen, Director of the Royal Botanic Gardens, Peradeniya, Ceylon."
PER-02,person,THOS. NORTH CHRISTIE,MR. T. N. CHRISTIE (S03 l.1) | Mr. Christie (S04 l.7),"after having lived for years beside mature Ledgerianas, which have given the highest analyses we have yet heard of (S03 l.13)",,,,7th June 1883,"St. Andrew's, Maskeliya","The Tropical Agriculturist, July 1883, p. 37 (S03_ocr.txt l.1, l.3, l.19); The Tropical Agriculturist, July 1883, p. 66 (S04_ocr.txt l.7)",THOS. NORTH CHRISTIE.,The expansion T. N. = Thos. North is supplied by S03 itself (title and signature of one letter). Linking the 'Mr. Christie' of S04 ('what Mr. Christie has written on the subject of Ledgerianas') to the author of S03 is my inference from the shared subject; S04 does not name him further.,ok,
PER-03,person,"Mr. J. E. Howard, F. R. S.","Mr. J. E. Howard (S03 l.5) | Mr. Howard (S03 l.5, l.13, l.15, l.17; S04 l.3, l.11) | Howard's (S03 l.5)","Mr. Howard, with the knowledge of hot-house plants and dried specimens, does not know and has not figured *C. Ledgeriana* (S03 l.17)",,,,,,"The Tropical Agriculturist, July 1883, p. 37 (S03_ocr.txt l.5, l.7, l.13, l.15, l.17); The Tropical Agriculturist, July 1883, p. 66 (S04_ocr.txt l.3, l.11)","part of this was communicated to Mr. J. E. Howard, F. R. S., who raised seedlings.","The fullest printed form ('Mr. J. E. Howard, F. R. S.') occurs inside S03's quotation from the Kew Gardens Report for 1880, not in Christie's own words. All 'Mr. Howard' mentions in S03 and S04 are taken to be this one person.",ok,"UNVERIFIED candidate from the assistant's background knowledge, not from the source and not checked against any authority: John Eliot Howard, quinologist, of Tottenham."
PER-04,person,WALTER AGAR,Mr. Agar (S04 l.3) | Mr. Agar (S03 l.5),"a letter from Mr. Agar, which places beyond question the fact that the tree figured by Dr. Trimen was an undoubted Ledgeriana (S04 l.3) | planted on Mahanilu by Mr. Agar (S03 l.5)",,,,"June 22nd, 1883",Lawrence,"The Tropical Agriculturist, July 1883, p. 66 (S04_ocr.txt l.3, l.5, l.17); The Tropical Agriculturist, July 1883, p. 37 (S03_ocr.txt l.5)",WALTER AGAR.,"Within S04 the editor's 'Mr. Agar' and the signature 'WALTER AGAR' belong to the same letter, so the expansion is given by the source. Treating the 'Mr. Agar' of S03 (who planted the figured tree on Mahanilu) as the same man is my inference from the shared subject and estate, not a statement in either passage.",ok,
PER-05,person,Mr. Moens,"Moens (S03 l.15) | Mr. Moens' (S03 l.13, l.15)",,,,,,,"The Tropical Agriculturist, July 1883, p. 37 (S03_ocr.txt l.13, l.15); The Tropical Agriculturist, July 1883, p. 66 (S04_ocr.txt l.11, l.13)","It was one of several Mr. Moens saw in flower at Mahanillu estate, Dr. Trimen was with Mr. Moens, and both agreed the trees were true Ledgerianas.",Same person assumed across S03 and S04; no forename printed.,ok,"UNVERIFIED candidate from the assistant's background knowledge, not from the source and not checked against any authority: J. C. Bernelot Moens, Director of the Government cinchona plantations, Java."
PER-06,person,McIvor,,raised from McIvor's seed (S03 l.5),,,,,,"The Tropical Agriculturist, July 1883, p. 37 (S03_ocr.txt l.5)","The plant which Dr. Trimen figured was one of those raised from McIvor's seed by me, and planted on Mahanilu by Mr. Agar, and its descent from Ledger's original seed is undoubted.",Mentioned only as the source of seed; no title or forename printed.,ok,"UNVERIFIED candidate from the assistant's background knowledge, not from the source and not checked against any authority: William Graham McIvor, superintendent of the Government cinchona plantations, Nilgiris, India."
PER-07,person,Ledger,,its descent from Ledger's original seed is undoubted (S03 l.5),,,,,,"The Tropical Agriculturist, July 1883, p. 37 (S03_ocr.txt l.5)",its descent from Ledger's original seed is undoubted.,"Only 'Ledger's original seed' refers to the person; 'the Yarrow Ledgers', 'the Ledger figured by Dr. Trimen', 'a typical Ledger' and 'not Ledgers' are read as names for trees/varieties and are recorded under plants, not here.",ok,"UNVERIFIED candidate from the assistant's background knowledge, not from the source and not checked against any authority: Charles Ledger, after whom Cinchona ledgeriana is named."
PER-08,person,Mr. T. Christy,,Mr. T. Christy's Bolivian calisaya seedlings (S03 l.5) | Mr. T. Christy's Bolivian plants (S03 l.5),,,,,,"The Tropical Agriculturist, July 1883, p. 37 (S03_ocr.txt l.5)","I have some of Mr. T. Christy's Bolivian plants, 18 months old, and I most certainly say they are not Ledgers.","Read as a different person from the author (PER-02, 'Christie'): the spelling 'Christy' is printed consistently twice, and the author speaks of 'Mr. T. Christy's' plants in the third person while writing in the first person about his own. The spelling difference could in principle be an OCR or printer's variant, so this is flagged.",uncertain,"UNVERIFIED candidate from the assistant's background knowledge, not from the source and not checked against any authority: Thomas Christy, London drug merchant and importer of cinchona seed."
PER-09,person,"Mr. J. A. Campbell of Lindula, Ceylon",Mr. Campbell (S03 l.13) | Mr. Campbell (S04 l.11),who was anxious to have a perfectly authentic strain (S03 l.9),,,,,"Lindula, Ceylon","The Tropical Agriculturist, July 1883, p. 37 (S03_ocr.txt l.9, l.13); The Tropical Agriculturist, July 1883, p. 66 (S04_ocr.txt l.11)","Three of the rooted cuttings were given to Mr. J. A. Campbell of Lindula, Ceylon, who was anxious to have a perfectly authentic strain.",Within S03 the link between the Kew Report's 'Mr. J. A. Campbell of Lindula' and 'Mr. Campbell himself writes to me' is made by the source. The 'Mr. Campbell' of S04 who sent bark to Mr. Howard is linked to him by my inference only.,ok,
PER-10,person,Ed.,,[We publish below a letter from Mr. Agar ... —Ed.] (S04 l.3),,,,,,"The Tropical Agriculturist, July 1883, p. 66 (S04_ocr.txt l.3)","[We publish below a letter from Mr. Agar, which places beyond question the fact that the tree figured by Dr. Trimen was an undoubted Ledgeriana, Mr. Howard himself having given testimony to that effect after having analyzed the bark.—Ed.]","The unnamed editor of the journal. Both letters open 'DEAR SIR'; the addressee is assumed to be this editor, which the text does not state.",ok,
PLT-01,plant,"The tree, which was sketched for Dr. Trimen's work",The plant which Dr. Trimen figured (S03 l.5) | the Ledger figured by Dr. Trimen (S03 l.5) | his figured type (S03 l.5) | Dr. Trimen's plant (S03 l.15) | the tree figured by Dr. Trimen (S04 l.3) | DR. TRIMEN'S TYPICAL LEDGERIANA TREE (S04 l.1),"is dead (S04 l.9) | one of those raised from McIvor's seed by me, and planted on Mahanilu by Mr. Agar, and its descent from Ledger's original seed is undoubted (S03 l.5) | It was one of several Mr. Moens saw in flower at Mahanillu estate (S04 l.11) | an undoubted Ledgeriana (S04 l.3)",,,,,Mahanilu (S03 l.5); Mahanillu estate (S04 l.11),"The Tropical Agriculturist, July 1883, p. 37 (S03_ocr.txt l.5, l.15); The Tropical Agriculturist, July 1883, p. 66 (S04_ocr.txt l.1, l.3, l.9, l.11, l.15)","The tree, which was sketched for Dr. Trimen's work, is dead.",The plant Christie says Trimen 'figured' (S03) and the tree Agar says was 'sketched for Dr. Trimen's work' (S04) are treated as one tree; both are placed at Mahanil(l)u. The two spellings Mahanilu/Mahanillu are kept as printed.,ok,
PLT-02,plant,"Other plants, exactly similar in blossom, raised from the same pinch of seed",,"have given over 12, 13 and 14 per cent sulphate of quinine (S03 l.5)",,,,,,"The Tropical Agriculturist, July 1883, p. 37 (S03_ocr.txt l.5)","Other plants, exactly similar in blossom, raised from the same pinch of seed, have given over 12, 13 and 14 per cent sulphate of quinine;","Probably the same trees as the 'mature Ledgerianas, which have given the highest analyses we have yet heard of' beside which Christie says he has lived (S03 l.13); the text does not make this identification explicit. Location not stated (Christie raised them; S03 is written from St. Andrew's, Maskeliya).",ok,
PLT-03,plant,the Yarrow Ledgers,,"the very trees which Mr. Howard called in to help him, the Yarrow Ledgers, have the same blossom, and came out of the same nursery bed as the Ledger figured by Dr. Trimen! (S03 l.5)",,,,,,"The Tropical Agriculturist, July 1883, p. 37 (S03_ocr.txt l.5)","the very trees which Mr. Howard called in to help him, the Yarrow Ledgers, have the same blossom, and came out of the same nursery bed as the Ledger figured by Dr. Trimen!","'Yarrow' is presumably an estate name, but the text gives it only as part of the trees' name, so it is not entered as a place.",ok,
PLT-04,plant,a tree here,,as being botanically a typical Ledger (S03 l.5) | the analysis of that very tree arrived from England and showed 11.29 S. (S03 l.5),,,,,here,"The Tropical Agriculturist, July 1883, p. 37 (S03_ocr.txt l.5)","Before the least doubt had been thrown upon his figured type, Dr. Trimen selected a tree here for specimens, as being botanically a typical Ledger, and his selection was well borne out, when, on the following day, the analysis of that very tree arrived from England and showed 11.29 S.","'here' is read as the place of writing, St. Andrew's, Maskeliya (S03 l.3). '11.29 S.' is read as 11.29 per cent sulphate of quinine by analogy with 'per cent sulphate of quinine' earlier in the same paragraph; the abbreviation is not explained in the text.",uncertain,
PLT-05,plant,Mr. T. Christy's Bolivian calisaya seedlings,"Mr. T. Christy's Bolivian plants, 18 months old (S03 l.5)","I most certainly say they are not Ledgers. They seem to be Calisayas of some kind, but are as protean in appearance as they have been in name. (S03 l.5)",,,,18 months old,,"The Tropical Agriculturist, July 1883, p. 37 (S03_ocr.txt l.5)","When Mr. Howard goes on to identify by these characteristics Mr. T. Christy's Bolivian calisaya seedlings as true Ledgerianas, his bases are as reliable as those by which a gipsy foretells your fortune.",The seedlings Howard identified and the 18-month-old plants Christie holds are treated as the same stock; the text implies but does not state this.,ok,
PLT-06,plant,the Annfield and Emelina Calisayas,,"most of these Calisayas seemed exactly similar to Mr. Howard's figured ""Ledgeriana"" (S03 l.5)",,,,some two years ago,,"The Tropical Agriculturist, July 1883, p. 37 (S03_ocr.txt l.5)","We all remember the misunderstanding which arose about the Annfield and Emelina Calisayas, some two years ago, due chiefly to the fact that most of these Calisayas seemed exactly similar to Mr. Howard's figured ""Ledgeriana"";",Annfield and Emelina are presumably estate names; not entered as places because the text uses them only as part of the plants' name. 'some two years ago' relative to June 1883 would be c. 1881.,ok,
PLT-07,plant,"Mr. Howard's figured ""Ledgeriana""","the figured plant (S03 l.5) | the figured (S03 l.9, in the Kew Report quotation)","where the figured plant is far from being a typical Ledgeriana, if indeed it is one at all (S03 l.5, quoting the Dikoya essay)",,,,,,"The Tropical Agriculturist, July 1883, p. 37 (S03_ocr.txt l.5, l.9)","a contrast to that given in Howard's great work, where the figured plant is far from being a typical Ledgeriana, if indeed it is one at all.",The Kew Report's 'cuttings both of the figured and of another selected plant' is read as referring to this same figured plant of Howard's; the report quotation does not say so in as many words.,ok,
PLT-08,plant,some seed was received at Kew from Java,the first seed received at Kew (S03 l.15) | the same authentic strain (S03 l.11),"Mr. J. E. Howard, F. R. S., who raised seedlings. He carefully selected the most promising of these (S03 l.7)",,,,In 1876,Kew; Java,"The Tropical Agriculturist, July 1883, p. 37 (S03_ocr.txt l.7, l.9, l.11, l.15)","In 1876, some seed was received at Kew from Java, and part of this was communicated to Mr. J. E. Howard, F. R. S., who raised seedlings.","The 1876 Java seed, Howard's seedlings from it, and 'the first seed received at Kew' (S03 l.15) are treated as one lot; the identification of the l.15 phrase with the 1876 seed is mine.",ok,
PLT-09,plant,Three of the rooted cuttings,"those ""authentic"" cuttings, which I have seen in the Waltrim clearing (S03 l.13) | the trees I have (raised from cuttings received from Mr. Howard) (S03 l.13)","Two of them are very shrubby in their growth, and with hard shiny leaves. The other is a Calisaya of the broad-leaved variety, very much like what I believe is called in Java *Calisaya Anglica*. (S03 l.13) | are not Ledgerianas at all (S03 l.13)",,,,,the Waltrim clearing,"The Tropical Agriculturist, July 1883, p. 37 (S03_ocr.txt l.9, l.13)","Three of the rooted cuttings were given to Mr. J. A. Campbell of Lindula, Ceylon, who was anxious to have a perfectly authentic strain.","The three Kew cuttings given to Campbell (Kew Report), the trees Christie saw in the Waltrim clearing, and the trees Campbell describes in his letter are treated as the same three plants; Christie's wording ('those ""authentic"" cuttings') supports but does not explicitly state the chain. That Waltrim is at or near Lindula is not stated.",ok,
PLT-10,plant,another plant that Mr. Howard kindly gave me,,"which I understood him to say had been raised from Ledgeriana seed received from Java (S03 l.13) | This is the best, so far as appearance goes, but I should not call it a Ledgeriana. (S03 l.13)",,,,,,"The Tropical Agriculturist, July 1883, p. 37 (S03_ocr.txt l.13)",I have also another plant that Mr. Howard kindly gave me which I understood him to say had been raised from Ledgeriana seed received from Java.,Spoken by Campbell in the letter quoted by Christie ('me' = Campbell).,ok,
PLT-11,plant,"Three other plants, imported at Kew from the same authentic strain",,were sent to Jamaica (S03 l.11),,,,,Kew; Jamaica,"The Tropical Agriculturist, July 1883, p. 37 (S03_ocr.txt l.11)","""*Indonesia*.—Three other plants, imported at Kew from the same authentic strain were sent to Jamaica.""",,uncertain,
PLT-12,plant,several Mr. Moens saw in flower at Mahanillu estate,the trees (S04 l.11) | some of the trees (S04 l.13),"both agreed the trees were true Ledgerianas (S04 l.11) | The trees were only about 4½ years old from the time the plants were put out, and were now in a full condition and in flower. (S04 l.11)",,,,about 4½ years old from the time the plants were put out,Mahanillu estate,"The Tropical Agriculturist, July 1883, p. 66 (S04_ocr.txt l.11, l.13)","The trees were only about 4½ years old from the time the plants were put out, and were now in a full condition and in flower.","This group includes PLT-01 ('It was one of several'). 'were now' presumably refers to the time of Moens' visit, which is not dated.",ok,
PLT-13,plant,the other that Mr. Moens had sent to be true Ledgerianas,,,,,,,,"The Tropical Agriculturist, July 1883, p. 66 (S04_ocr.txt l.13)","I have by my prints of the leaves of some of the trees as well as the other that Mr. Moens had sent to be true Ledgerianas, so that it will be easy in the future to determine the question.","The sentence as printed/OCR'd does not parse ('the other that Mr. Moens had sent to be'); it may mean 'the others that Mr. Moens had said to be true Ledgerianas', i.e. further trees Moens identified, but I cannot tell from the text what plants are meant.",failed,
PLT-14,plant,other seed forwarded to him by Mr. Moens as true Ledgeriana,,turned out to be nothing of the kind (S03 l.15),,,,,,"The Tropical Agriculturist, July 1883, p. 37 (S03_ocr.txt l.15)",he asserts that other seed forwarded to him by Mr. Moens as true Ledgeriana turned out to be nothing of the kind.,'him' = Mr. Howard (the subject of the sentence).,ok,
PLT-15,plant,"several cinchonias in cultivation in Ceylon (and I suspect in Jamaica also) under the name of Ledgeriana, which are not that plant",,,,,,,Ceylon; Jamaica,"The Tropical Agriculturist, July 1883, p. 37 (S03_ocr.txt l.13)","That there are several cinchonias in cultivation in Ceylon (and I suspect in Jamaica also) under the name of Ledgeriana, which are not that plant, is to a great extent due to Mr. Howard himself.","A class of plants, not an individual tree. 'cinchonias' is kept as printed (possibly for 'cinchonas').",ok,
BRK-01,bark_sample,The bark of some of these trees,,"Ledgeriana bark, giving 7 per cent of pure quinine (equal I believe to 9 of sulphate) and only a trace of other alkaloids (S04 l.11) | after having analyzed the bark (S04 l.3)",,,,,,"The Tropical Agriculturist, July 1883, p. 66 (S04_ocr.txt l.3, l.11)","The bark of some of these trees was sent home by Mr. Campbell for analysis to Mr. Howard, who pronounced it to be Ledgeriana bark, giving 7 per cent of pure quinine (equal I believe to 9 of sulphate) and only a trace of other alkaloids.",Taken from PLT-12 (the Mahanillu trees); whether the figured tree PLT-01 was among 'some of these trees' is not stated. The editor's 'the bark' (S04 l.3) is assumed to be this sample.,ok,
BRK-02,bark_sample,"the bark from the tree itself, but taken when it was dying",,,,,,,,"The Tropical Agriculturist, July 1883, p. 66 (S04_ocr.txt l.15)","I have also in my possession the bark from the tree itself, but taken when it was dying.",'the tree itself' = PLT-01. No analysis of this bark is mentioned.,ok,
BRK-03,bark_sample,the analysis of that very tree arrived from England and showed 11.29 S.,,,,,,,,"The Tropical Agriculturist, July 1883, p. 37 (S03_ocr.txt l.5)",the analysis of that very tree arrived from England and showed 11.29 S.,RECORD IS INFERRED: the text mentions only an analysis that 'arrived from England'; that a bark sample of PLT-04 was sent to England for it is my inference. Analyst not named. '11.29 S.' read as per cent sulphate of quinine (see PLT-04).,uncertain,
BRK-04,bark_sample,"have given over 12, 13 and 14 per cent sulphate of quinine",,,,,,,,"The Tropical Agriculturist, July 1883, p. 37 (S03_ocr.txt l.5)","have given over 12, 13 and 14 per cent sulphate of quinine;","RECORD IS INFERRED: yields are stated for PLT-02 but no sample, analyst, date or place is mentioned; a set of bark analyses is assumed to lie behind the figures.",uncertain,
SPC-01,specimen,my prints of the leaves of some of the trees,,,,,,,,"The Tropical Agriculturist, July 1883, p. 66 (S04_ocr.txt l.13)","I have by my prints of the leaves of some of the trees as well as the other that Mr. Moens had sent to be true Ledgerianas, so that it will be easy in the future to determine the question.","Leaf prints held by Agar, of some of PLT-12 and apparently of PLT-13 (sense of the sentence uncertain, see PLT-13). 'I have by my' is kept as printed (perhaps 'I have by me').",uncertain,
SPC-02,specimen,specimens,,,,,,,,"The Tropical Agriculturist, July 1883, p. 37 (S03_ocr.txt l.5)","Dr. Trimen selected a tree here for specimens, as being botanically a typical Ledger,",Botanical specimens from PLT-04; nature of the specimens not stated.,ok,
ACT-01,action,The plant which Dr. Trimen figured,"The tree, which was sketched for Dr. Trimen's work (S04 l.9) | Dr. Trimen's description and figure of *C. ledgeriana* (S03 l.5) | Dr. Trimen's illustration of the blossom (but not of the tree itself) is particularly good (S03 l.5)",,figured,PER-01,PLT-01,,,"The Tropical Agriculturist, July 1883, p. 37 (S03_ocr.txt l.5); The Tropical Agriculturist, July 1883, p. 66 (S04_ocr.txt l.3, l.9)","The plant which Dr. Trimen figured was one of those raised from McIvor's seed by me, and planted on Mahanilu by Mr. Agar, and its descent from Ledger's original seed is undoubted.",S03's 'figured' and S04's 'sketched for Dr. Trimen's work' are treated as one act. S04 does not say who made the sketch; 'Dr. Trimen's work' is not named.,ok,
ACT-02,action,raised from McIvor's seed by me,,,raised_from_seed,PER-02,PLT-01,,,"The Tropical Agriculturist, July 1883, p. 37 (S03_ocr.txt l.5)","The plant which Dr. Trimen figured was one of those raised from McIvor's seed by me,","'me' = the letter writer, Christie (PER-02). The same seed also produced PLT-02 and PLT-03 ('the same pinch of seed', 'the same nursery bed').",ok,
ACT-03,action,McIvor's seed,,,supplied_seed,PER-06,PLT-01 | PLT-02 | PLT-03,,,"The Tropical Agriculturist, July 1883, p. 37 (S03_ocr.txt l.5)","raised from McIvor's seed by me,","How McIvor's seed reached Christie, and when, is not stated. Objects PLT-02 and PLT-03 are included because the text says they came from 'the same pinch of seed' / 'the same nursery bed'.",ok,
ACT-04,action,its descent from Ledger's original seed is undoubted,,,descended_from_seed_of,PLT-01,PER-07,,,"The Tropical Agriculturist, July 1883, p. 37 (S03_ocr.txt l.5)",its descent from Ledger's original seed is undoubted.,"A pedigree claim by Christie, not a documented transfer.",ok,
ACT-05,action,planted on Mahanilu by Mr. Agar,,,planted,PER-04,PLT-01,,Mahanilu,"The Tropical Agriculturist, July 1883, p. 37 (S03_ocr.txt l.5)","and planted on Mahanilu by Mr. Agar,",Date of planting not stated; S04 says the trees were 'about 4½ years old from the time the plants were put out' at the time of Moens' undated visit.,ok,
ACT-06,action,several Mr. Moens saw in flower at Mahanillu estate,,,saw_in_flower,PER-05,PLT-12,,Mahanillu estate,"The Tropical Agriculturist, July 1883, p. 66 (S04_ocr.txt l.11)","It was one of several Mr. Moens saw in flower at Mahanillu estate, Dr. Trimen was with Mr. Moens, and both agreed the trees were true Ledgerianas.",Visit undated.,ok,
ACT-07,action,Dr. Trimen was with Mr. Moens,,,accompanied,PER-01,PER-05,,Mahanillu estate,"The Tropical Agriculturist, July 1883, p. 66 (S04_ocr.txt l.11)","Dr. Trimen was with Mr. Moens,",,ok,
ACT-08,action,both agreed the trees were true Ledgerianas,Moens' identification of Dr. Trimen's plant (S03 l.15),,identified_as_true_ledgeriana,PER-05 | PER-01,PLT-12,,Mahanillu estate,"The Tropical Agriculturist, July 1883, p. 66 (S04_ocr.txt l.11); The Tropical Agriculturist, July 1883, p. 37 (S03_ocr.txt l.15)",and both agreed the trees were true Ledgerianas.,,ok,
ACT-09,action,sent home by Mr. Campbell for analysis to Mr. Howard,,,sent_for_analysis,PER-09,BRK-01 | PER-03,,,"The Tropical Agriculturist, July 1883, p. 66 (S04_ocr.txt l.11)","The bark of some of these trees was sent home by Mr. Campbell for analysis to Mr. Howard, who pronounced it to be Ledgeriana bark, giving 7 per cent of pure quinine (equal I believe to 9 of sulphate) and only a trace of other alkaloids.","'Sent home' is read as sent to England (S03 speaks of an analysis that 'arrived from England'), but S04 does not name the destination. 'Mr. Campbell' here is linked to 'Mr. J. A. Campbell of Lindula' (PER-09) of S03 by inference.",ok,
ACT-10,action,pronounced it to be Ledgeriana bark,Mr. Howard himself having given testimony to that effect after having analyzed the bark (S04 l.3),7 per cent of pure quinine (equal I believe to 9 of sulphate) and only a trace of other alkaloids (S04 l.11),analysed_and_pronounced,PER-03,BRK-01,,,"The Tropical Agriculturist, July 1883, p. 66 (S04_ocr.txt l.11, l.3)","who pronounced it to be Ledgeriana bark, giving 7 per cent of pure quinine (equal I believe to 9 of sulphate) and only a trace of other alkaloids.","'equal I believe to 9 of sulphate' is Agar's own conversion, not Howard's.",ok,
ACT-11,action,We publish below a letter from Mr. Agar,,,published_with_note,PER-10,PER-04,,,"The Tropical Agriculturist, July 1883, p. 66 (S04_ocr.txt l.3)","[We publish below a letter from Mr. Agar, which places beyond question the fact that the tree figured by Dr. Trimen was an undoubted Ledgeriana, Mr. Howard himself having given testimony to that effect after having analyzed the bark.—Ed.]",,ok,
ACT-12,action,the question raised by Mr. J. E. Howard,Mr. Howard's latest paper (S03 l.5) | Before the least doubt had been thrown upon his figured type (S03 l.5),"The statement that the ""satin gloss and hairy margin of the leaves"" was put forward as a characteristic of true Ledgerianas is almost incredible. (S03 l.5)",raised_question_about,PER-03,PER-01 | PLT-01,,,"The Tropical Agriculturist, July 1883, p. 37 (S03_ocr.txt l.5)",Were the question raised by Mr. J. E. Howard purely technical it would be presumption on my part to say anything in reply to Dr. Trimen's description and figure of *C. ledgeriana*;,Howard's paper is not titled or dated in the text.,ok,
ACT-13,action,"the very trees which Mr. Howard called in to help him, the Yarrow Ledgers",,,cited_as_evidence,PER-03,PLT-03,,,"The Tropical Agriculturist, July 1883, p. 37 (S03_ocr.txt l.5)","the very trees which Mr. Howard called in to help him, the Yarrow Ledgers, have the same blossom, and came out of the same nursery bed as the Ledger figured by Dr. Trimen!",,ok,
ACT-14,action,Dr. Trimen selected a tree here for specimens,,,selected_for_specimens,PER-01,PLT-04 | SPC-02,,here,"The Tropical Agriculturist, July 1883, p. 37 (S03_ocr.txt l.5)","Dr. Trimen selected a tree here for specimens, as being botanically a typical Ledger,","'here' read as St. Andrew's, Maskeliya. Undated, but 'Before the least doubt had been thrown upon his figured type'.",ok,
ACT-15,action,the analysis of that very tree arrived from England,,showed 11.29 S. (S03 l.5),analysis_received,,PLT-04 | BRK-03 | PER-02,on the following day,England,"The Tropical Agriculturist, July 1883, p. 37 (S03_ocr.txt l.5)","on the following day, the analysis of that very tree arrived from England and showed 11.29 S.","Agent (the analyst) unstated. Recipient taken to be Christie, who reports it. 'the following day' is relative to Trimen's undated selection (ACT-14).",uncertain,
ACT-16,action,Mr. Howard goes on to identify by these characteristics Mr. T. Christy's Bolivian calisaya seedlings as true Ledgerianas,,,identified_as_true_ledgeriana,PER-03,PLT-05,,,"The Tropical Agriculturist, July 1883, p. 37 (S03_ocr.txt l.5)","When Mr. Howard goes on to identify by these characteristics Mr. T. Christy's Bolivian calisaya seedlings as true Ledgerianas, his bases are as reliable as those by which a gipsy foretells your fortune.",'these characteristics' = the 'satin gloss and hairy margin of the leaves' quoted earlier in the paragraph.,ok,
ACT-17,action,"I have some of Mr. T. Christy's Bolivian plants, 18 months old, and I most certainly say they are not Ledgers",,,holds_and_judges_not_ledgeriana,PER-02,PLT-05,18 months old,,"The Tropical Agriculturist, July 1883, p. 37 (S03_ocr.txt l.5)","I have some of Mr. T. Christy's Bolivian plants, 18 months old, and I most certainly say they are not Ledgers.",,ok,
ACT-18,action,"what I wrote 9 months ago, in the Dikoya essay",,,wrote_essay,PER-02,PLT-01 | PLT-07,9 months ago,,"The Tropical Agriculturist, July 1883, p. 37 (S03_ocr.txt l.5)","here I may quote what I wrote 9 months ago, in the Dikoya essay, long before I had any idea of this controversy arising:—""Dr. Trimen's illustration of the blossom (but not of the tree itself) is particularly good, a contrast to that given in Howard's great work, where the figured plant is far from being a typical Ledgeriana, if indeed it is one at all.""",'9 months ago' relative to 7th June 1883 would be c. September 1882. The 'Dikoya essay' is not otherwise identified in the text.,ok,
ACT-19,action,some seed was received at Kew from Java,,,seed_received,,PLT-08,In 1876,Kew; Java,"The Tropical Agriculturist, July 1883, p. 37 (S03_ocr.txt l.7)","In 1876, some seed was received at Kew from Java,","Quoted by Christie from the Kew Gardens Report for 1880, p. 12. Sender not named (Christie elsewhere attributes 'the first seed received at Kew' to 'Mr. Moens' own authority', S03 l.15).",ok,
ACT-20,action,"part of this was communicated to Mr. J. E. Howard, F. R. S., who raised seedlings",,,raised_seedlings,PER-03,PLT-08,,,"The Tropical Agriculturist, July 1883, p. 37 (S03_ocr.txt l.7)","part of this was communicated to Mr. J. E. Howard, F. R. S., who raised seedlings. He carefully selected the most promising of these,","From the Kew Report quotation. Who communicated the seed (Kew) is implied, not named.",ok,
ACT-21,action,very kindly supplied Kew with cuttings both of the figured and of another selected plant,,,supplied_cuttings,PER-03,PLT-07 | PLT-08,in the course of last year,Kew,"The Tropical Agriculturist, July 1883, p. 37 (S03_ocr.txt l.9)",and very kindly supplied Kew with cuttings both of the figured and of another selected plant in the course of last year.,"'last year' relative to a report for 1880 would be 1879. That 'the figured' plant is Howard's figured ""Ledgeriana"" (PLT-07) is my reading.",ok,
ACT-22,action,"Three of the rooted cuttings were given to Mr. J. A. Campbell of Lindula, Ceylon",,,gave_cuttings,,PLT-09 | PER-09,,,"The Tropical Agriculturist, July 1883, p. 37 (S03_ocr.txt l.9)","Three of the rooted cuttings were given to Mr. J. A. Campbell of Lindula, Ceylon, who was anxious to have a perfectly authentic strain.","Giver not named (Kew implied by the report). Campbell's own letter says 'cuttings received from Mr. Howard' (S03 l.13), which may describe the same transfer differently.",ok,
ACT-23,action,"Three other plants, imported at Kew from the same authentic strain were sent to Jamaica",,,sent_plants,,PLT-11,,Kew; Jamaica,"The Tropical Agriculturist, July 1883, p. 37 (S03_ocr.txt l.11)","""*Indonesia*.—Three other plants, imported at Kew from the same authentic strain were sent to Jamaica.""",,uncertain,
ACT-24,action,"those ""authentic"" cuttings, which I have seen in the Waltrim clearing, are not Ledgerianas at all",,,saw_and_judged_not_ledgeriana,PER-02,PLT-09,,the Waltrim clearing,"The Tropical Agriculturist, July 1883, p. 37 (S03_ocr.txt l.13)","I say that those ""authentic"" cuttings, which I have seen in the Waltrim clearing, are not Ledgerianas at all.",,ok,
ACT-25,action,Mr. Campbell himself writes to me on 5th instant,,,wrote_to,PER-09,PER-02 | PLT-09 | PLT-10,5th instant,,"The Tropical Agriculturist, July 1883, p. 37 (S03_ocr.txt l.13)","Mr. Campbell himself writes to me on 5th instant:—""No one who knows a Ledgeriana tree of a pure type, according to Mr. Moens' idea of one, would think of calling the trees I have (raised from cuttings received from Mr. Howard) Ledgerianas.",'5th instant' read as 5 June 1883 (the letter is dated 7th June 1883). Campbell's letter is known only through Christie's quotation.,ok,
ACT-26,action,another plant that Mr. Howard kindly gave me,,,gave_plant,PER-03,PLT-10 | PER-09,,,"The Tropical Agriculturist, July 1883, p. 37 (S03_ocr.txt l.13)",I have also another plant that Mr. Howard kindly gave me which I understood him to say had been raised from Ledgeriana seed received from Java.,"'me' = Campbell, inside the quoted letter.",ok,
ACT-27,action,he repudiates Moens' identification of Dr. Trimen's plant,,,repudiated_identification,PER-03,PER-05 | PLT-01,,,"The Tropical Agriculturist, July 1883, p. 37 (S03_ocr.txt l.15)","he repudiates Moens' identification of Dr. Trimen's plant,",,ok,
ACT-28,action,"He clings to ""Mr. Moens' own authority"" ... that the first seed received at Kew was genuine",,,accepted_on_authority,PER-03,PER-05 | PLT-08,,,"The Tropical Agriculturist, July 1883, p. 37 (S03_ocr.txt l.15)","He clings to ""Mr. Moens' own authority"" only so far as he himself wishes to believe, viz., that the first seed received at Kew was genuine;",,ok,
ACT-29,action,other seed forwarded to him by Mr. Moens as true Ledgeriana,,,forwarded_seed,PER-05,PLT-14 | PER-03,,,"The Tropical Agriculturist, July 1883, p. 37 (S03_ocr.txt l.15)",he asserts that other seed forwarded to him by Mr. Moens as true Ledgeriana turned out to be nothing of the kind.,Reported by Christie as Howard's assertion; undated.,ok,
ACT-30,action,he asserts that other seed ... turned out to be nothing of the kind,,,asserted_not_ledgeriana,PER-03,PLT-14,,,"The Tropical Agriculturist, July 1883, p. 37 (S03_ocr.txt l.15)",turned out to be nothing of the kind.,,ok,
ACT-31,action,"letter: St. Andrew's, Maskeliya, 7th June 1883 ... THOS. NORTH CHRISTIE",,,wrote_letter,PER-02,PER-10,7th June 1883,"St. Andrew's, Maskeliya","The Tropical Agriculturist, July 1883, p. 37 (S03_ocr.txt l.3, l.19)","St. Andrew's, Maskeliya, 7th June 1883.",Addressee 'DEAR SIR' assumed to be the editor (PER-10); published on p. 37 of the July 1883 issue.,ok,
ACT-32,action,"letter: Lawrence, June 22nd, 1883 ... WALTER AGAR",,,wrote_letter,PER-04,PER-10,"June 22nd, 1883",Lawrence,"The Tropical Agriculturist, July 1883, p. 66 (S04_ocr.txt l.5, l.17)","Lawrence, June 22nd, 1883.","Addressee 'DEAR SIR' assumed to be the editor (PER-10); published on p. 66 of the July 1883 issue. Agar says he is adding to 'what Mr. Christie has written', i.e. responding to S03 (my reading).",ok,
ACT-33,action,I have by my prints of the leaves of some of the trees,,,holds_specimen,PER-04,SPC-01,,,"The Tropical Agriculturist, July 1883, p. 66 (S04_ocr.txt l.13)","I have by my prints of the leaves of some of the trees as well as the other that Mr. Moens had sent to be true Ledgerianas, so that it will be easy in the future to determine the question.",See PLT-13 and SPC-01 for the garbled clause.,uncertain,
ACT-34,action,I have also in my possession the bark from the tree itself,,,holds_bark_sample,PER-04,BRK-02,,,"The Tropical Agriculturist, July 1883, p. 66 (S04_ocr.txt l.15)","I have also in my possession the bark from the tree itself, but taken when it was dying.",,ok,
ACT-35,action,"that given in Howard's great work, where the figured plant",,,figured,PER-03,PLT-07,,,"The Tropical Agriculturist, July 1883, p. 37 (S03_ocr.txt l.5)","a contrast to that given in Howard's great work, where the figured plant is far from being a typical Ledgeriana, if indeed it is one at all.",'Howard's great work' is not titled in the text.,ok,
ACT-36,action,the misunderstanding which arose about the Annfield and Emelina Calisayas,,,misunderstanding_arose,,PLT-06 | PLT-07,some two years ago,,"The Tropical Agriculturist, July 1883, p. 37 (S03_ocr.txt l.5)","We all remember the misunderstanding which arose about the Annfield and Emelina Calisayas, some two years ago, due chiefly to the fact that most of these Calisayas seemed exactly similar to Mr. Howard's figured ""Ledgeriana"";",No individual agent is named ('We all remember'); the cause is attributed to resemblance to Howard's figure. c. 1881 if counted from June 1883.,ok,
ACT-37,action,"Dr. Trimen, who has seen the Ceylon and Indian plantations, and many mature analyzed trees",,,has_seen,PER-01,,,Ceylon; Indian plantations,"The Tropical Agriculturist, July 1883, p. 37 (S03_ocr.txt l.17)","Dr. Trimen, who has seen the Ceylon and Indian plantations, and many mature analyzed trees, knows and has figured *C. Ledgeriana*,",No object record: the plantations are not individual plants in this table.,ok,
ACT-38,action,after having lived for years beside mature Ledgerianas,,,lived_beside,PER-02,PLT-02,,,"The Tropical Agriculturist, July 1883, p. 37 (S03_ocr.txt l.13)","Now, if, after having lived for years beside mature Ledgerianas, which have given the highest analyses we have yet heard of, I may presume to think that I know a Ledgeriana when I see it,",Link to PLT-02 (the 12-14 per cent trees) is my inference; see PLT-02.,ok,
ACT-39,action,"The tree, which was sketched for Dr. Trimen's work, is dead",,,died,PLT-01,,,,"The Tropical Agriculturist, July 1883, p. 66 (S04_ocr.txt l.9, l.15)","The tree, which was sketched for Dr. Trimen's work, is dead.","Dead by June 22nd, 1883 (letter date); when it died is not stated. BRK-02 was 'taken when it was dying'.",ok,
ACT-40,action,which places beyond question the fact that the tree figured by Dr. Trimen was an undoubted Ledgeriana,,,affirmed_true_ledgeriana,PER-10 | PER-04,PLT-01,,,"The Tropical Agriculturist, July 1883, p. 66 (S04_ocr.txt l.3)","which places beyond question the fact that the tree figured by Dr. Trimen was an undoubted Ledgeriana,",The affirmation is the editor's summary of Agar's letter; Agar himself says the figured tree was 'one of several' that Moens and Trimen 'agreed ... were true Ledgerianas'.,ok,
