record_id,record_type,material_kind,source_id,source_ref,locator,printed_text,printed_name,role_as_printed,place_as_printed,date_or_age_as_printed,stated_detail,subject_id,verb_as_printed,object_id,recipient_id,asserted_by,reading_status,reading_note,inferred_same_as,inferred_note,outside_identification
S04-P01,person,,S04,"The Tropical Agriculturist, July 1883, p. 66","OCR line 1, 9","DR. TRIMEN'S TYPICAL LEDGERIANA TREE. … The tree, which was sketched for Dr. Trimen's work, is dead.",Dr. Trimen,Dr.,,,Named in the title; a tree was sketched for 'Dr. Trimen's work'; was with Mr. Moens when the trees were seen at Mahanillu estate.,,,,,S04-P02,clear,,"S03-P02 (probable: same surname, title and subject)",,
S04-P02,person,,S04,"The Tropical Agriculturist, July 1883, p. 66","OCR line 3, 5, 17","We publish below a letter from Mr. Agar … Lawrence, June 22nd, 1883. … WALTER AGAR.",WALTER AGAR (signature); Mr. Agar (editorial note),a letter from Mr. Agar,Lawrence,"June 22nd, 1883",Writer of the letter; full forename 'Walter' is given in the signature.,,,,,,clear,,"S03-P04 (probable: S03 prints only 'Mr. Agar', planter of the plant at Mahanilu)",,
S04-P03,person,,S04,"The Tropical Agriculturist, July 1883, p. 66","OCR line 3, 11","Mr. Howard himself having given testimony to that effect after having analyzed the bark … to Mr. Howard, who pronounced it to be Ledgeriana bark",Mr. Howard,(analyst of the bark),,,Analysed the bark and pronounced it Ledgeriana bark.,,,,,S04-P02,clear,,S03-P01 (probable: S03 prints 'Mr. J. E. Howard'; S04 gives no initials),Initials 'J. E.' are NOT supplied here because S04 does not print them.,
S04-P04,person,,S04,"The Tropical Agriculturist, July 1883, p. 66",OCR line 7,I have little to add to what Mr. Christie has written on the subject of Ledgerianas,Mr. Christie,,,,Has written on the subject of Ledgerianas.,,,,,S04-P02,clear,,"S03-P09 (probable: S03 is a letter on Ledgerianas signed THOS. NORTH CHRISTIE, one week to 'June 7th'; S04 does not say which item is meant)",Link to S03 rests on subject matter and date; S04 does not name the piece Mr. Christie wrote.,
S04-P05,person,,S04,"The Tropical Agriculturist, July 1883, p. 66",OCR line 11,"one of several Mr. Moens saw in flower at Mahanillu estate, Dr. Trimen was with Mr. Moens",Mr. Moens,,Mahanillu estate,,Saw several trees in flower; agreed with Dr. Trimen they were true Ledgerianas; had sent 'the other' (see S04-T03).,,,,,S04-P02,clear,,S03-P08 (probable),,
S04-P06,person,,S04,"The Tropical Agriculturist, July 1883, p. 66",OCR line 11,sent home by Mr. Campbell for analysis to Mr. Howard,Mr. Campbell,,,,Sent the bark of some of the trees home for analysis.,,,,,S04-P02,clear,,"S03-P07 (probable: S03 prints 'Mr. J. A. Campbell of Lindula, Ceylon'; S04 gives only 'Mr. Campbell')",,
S04-P07,person,,S04,"The Tropical Agriculturist, July 1883, p. 66",OCR line 3,—Ed.],Ed.,Ed.,,,Editorial note introducing the letter; no personal name printed.,,,,,,uncertain,Kept as an unnamed role-record (editor of the journal); it is not a personal name. Drop if only named people are wanted.,,That 'Ed.' is the journal's editor is the conventional reading of the abbreviation.,
S04-T01,plant,tree,S04,"The Tropical Agriculturist, July 1883, p. 66","OCR line 1, 3, 9, 11","the tree figured by Dr. Trimen was an undoubted Ledgeriana … The tree, which was sketched for Dr. Trimen's work, is dead. … It was one of several Mr. Moens saw in flower at Mahanillu estate","the tree, which was sketched for Dr. Trimen's work",,Mahanillu estate,,Called 'an undoubted Ledgeriana' (editor) and 'typical' (title); 'is dead'; one of several trees Mr. Moens saw in flower at Mahanillu estate.,,,,,S04-P02,clear,,"S03-T01 (probable: 'The plant which Dr. Trimen figured', planted on Mahanilu by Mr. Agar)",'It' in 'It was one of several...' is read as the sketched tree. 'sketched' (S04) vs 'figured' (S03) are taken as the same illustration; the texts do not say so.,
S04-T02,plant,plant group (trees),S04,"The Tropical Agriculturist, July 1883, p. 66",OCR line 11,"The trees were only about 4½ years old from the time the plants were put out, and were now in a full condition and in flower.",these trees (the several seen in flower),,Mahanillu estate,about 4½ years old from the time the plants were put out,Agreed by Dr. Trimen and Mr. Moens to be true Ledgerianas; in flower.,,,,,S04-P02,uncertain,'in a full condition' may be an OCR or printing slip (e.g. 'in full bloom'); transcribed as printed. Place 'Mahanillu estate' is stated for the first sentence and carried here by 'these trees'.,,,
S04-T03,plant,unclear (noun after 'the other' missing),S04,"The Tropical Agriculturist, July 1883, p. 66",OCR line 13,as well as the other that Mr. Moens had sent to be true Ledgerianas,the other [that Mr. Moens had sent],,,,"Something Mr. Moens 'had sent to be true Ledgerianas', named alongside the leaf prints ('as well as the other').",,,,,S04-P02,uncertain,"Sentence is garbled: 'the other' lacks its noun (tree? leaves? plant?) and 'sent to be true Ledgerianas' may be missing words (e.g. 'sent, said to be'). Not interpreted.",,Treated as a plant/material item only because the sentence concerns leaf prints of trees.,
S04-B01,sample,bark,S04,"The Tropical Agriculturist, July 1883, p. 66",OCR line 11,"The bark of some of these trees was sent home by Mr. Campbell for analysis to Mr. Howard, who pronounced it to be Ledgeriana bark, giving 7 per cent of pure quinine (equal I believe to 9 of sulphate) and only a trace of other alkaloids.",The bark of some of these trees,,,,"Sent home by Mr. Campbell to Mr. Howard for analysis; pronounced Ledgeriana bark; '7 per cent of pure quinine'; 'only a trace of other alkaloids'; '(equal I believe to 9 of sulphate)' is the writer's belief, not a measured value.",,,,,S04-P02,clear,,,Which trees supplied the bark is not stated beyond 'some of these trees'; whether it includes S04-T01 is not said.,
S04-B02,sample,leaf prints,S04,"The Tropical Agriculturist, July 1883, p. 66",OCR line 13,I have by my prints of the leaves of some of the trees,prints of the leaves of some of the trees,,,,In the writer's keeping 'so that it will be easy in the future to determine the question'.,,,,,S04-P02,uncertain,'I have by my prints' is probably 'I have by me prints' (OCR/print slip); transcribed as printed.,,,
S04-B03,sample,bark,S04,"The Tropical Agriculturist, July 1883, p. 66",OCR line 15,"I have also in my possession the bark from the tree itself, but taken when it was dying.",the bark from the tree itself,,,,Bark taken when the tree was dying; in the writer's possession.,,,,,S04-P02,clear,,S04-T01 is the tree (probable: 'the tree itself' follows the discussion of the sketched tree),"'the tree itself' is read as the sketched tree of S04-T01, not one of the other trees.",
S04-A01,action,,S04,"The Tropical Agriculturist, July 1883, p. 66",OCR line 3,We publish below a letter from Mr. Agar,,,,,The editor publishes a letter from Mr. Agar.,S04-P07,publish,S04-P02,,S04-P07,clear,,,,
S04-A02,action,,S04,"The Tropical Agriculturist, July 1883, p. 66",OCR line 3,which places beyond question the fact that the tree figured by Dr. Trimen was an undoubted Ledgeriana,,,,,Editor's claim about the letter's effect; subject is the letter itself.,,places beyond question the fact that ... was an undoubted Ledgeriana,S04-T01,,S04-P07,clear,,,"subject_id left blank because the grammatical subject is the letter, not a person.",
S04-A03,action,,S04,"The Tropical Agriculturist, July 1883, p. 66",OCR line 7,I have little to add to what Mr. Christie has written on the subject of Ledgerianas,,,,,,S04-P02,have little to add to what ... has written,S04-P04,,S04-P02,clear,,,,
S04-A04,action,,S04,"The Tropical Agriculturist, July 1883, p. 66",OCR line 9,"The tree, which was sketched for Dr. Trimen's work",,,,,"Object is 'Dr. Trimen's work' (a publication), recorded against Dr. Trimen; the person who sketched it is not named.",S04-T01,was sketched for,S04-P01,,S04-P02,clear,,,The work is not named or described beyond 'Dr. Trimen's work'; S03 mentions 'Dr. Trimen's description and figure of C. ledgeriana' but the link is not stated.,
S04-A05,action,,S04,"The Tropical Agriculturist, July 1883, p. 66",OCR line 11,several Mr. Moens saw in flower at Mahanillu estate,,,Mahanillu estate,,,S04-P05,saw in flower,S04-T02,,S04-P02,clear,,,,
S04-A06,action,,S04,"The Tropical Agriculturist, July 1883, p. 66",OCR line 11,It was one of several Mr. Moens saw in flower,,,Mahanillu estate,,,S04-T01,was one of several,S04-T02,,S04-P02,clear,,,,
S04-A07,action,,S04,"The Tropical Agriculturist, July 1883, p. 66",OCR line 11,Dr. Trimen was with Mr. Moens,,,,,,S04-P01,was with,S04-P05,,S04-P02,clear,,,,
S04-A08,action,,S04,"The Tropical Agriculturist, July 1883, p. 66",OCR line 11,both agreed the trees were true Ledgerianas,,,,,,S04-P01; S04-P05,agreed ... were true Ledgerianas,S04-T02,,S04-P02,clear,,,,
S04-A09,action,,S04,"The Tropical Agriculturist, July 1883, p. 66",OCR line 11,The bark of some of these trees was sent home by Mr. Campbell for analysis to Mr. Howard,,,,,,S04-P06,sent home ... for analysis,S04-B01,S04-P03,S04-P02,clear,,,,
S04-A10,action,,S04,"The Tropical Agriculturist, July 1883, p. 66",OCR line 11,"Mr. Howard, who pronounced it to be Ledgeriana bark",,,,,,S04-P03,pronounced it to be Ledgeriana bark,S04-B01,,S04-P02,clear,,,,
S04-A11,action,,S04,"The Tropical Agriculturist, July 1883, p. 66",OCR line 3,Mr. Howard himself having given testimony to that effect after having analyzed the bark,,,,,,S04-P03,having given testimony ... after having analyzed,S04-B01,,S04-P07,clear,,,,
S04-A12,action,,S04,"The Tropical Agriculturist, July 1883, p. 66",OCR line 13,the other that Mr. Moens had sent to be true Ledgerianas,,,,,,S04-P05,had sent to be true Ledgerianas,S04-T03,,S04-P02,uncertain,See S04-T03; sentence garbled.,,,
S04-A13,action,,S04,"The Tropical Agriculturist, July 1883, p. 66",OCR line 13,I have by my prints of the leaves of some of the trees,,,,,,S04-P02,have by my,S04-B02,,S04-P02,uncertain,See S04-B02.,,,
S04-A14,action,,S04,"The Tropical Agriculturist, July 1883, p. 66",OCR line 15,I have also in my possession the bark from the tree itself,,,,,,S04-P02,have ... in my possession,S04-B03,,S04-P02,clear,,,,
S03-P01,person,,S03,"The Tropical Agriculturist, July 1883, p. 37","OCR line 5, 7, 17","Were the question raised by Mr. J. E. Howard purely technical … communicated to Mr. J. E. Howard, F. R. S., who raised seedlings",Mr. J. E. Howard,F. R. S.,,,Raised the question; raised seedlings from Java seed (Kew report); author of 'Mr. Howard's latest paper' and 'Howard's great work'; characterised by the writer as having 'the knowledge of hot-house plants and dried specimens'.,,,,,S03-P09,clear,,S04-P03 (probable),,
S03-P02,person,,S03,"The Tropical Agriculturist, July 1883, p. 37","OCR line 5, 17","Dr. Trimen's description and figure of *C. ledgeriana* … Dr. Trimen, who has seen the Ceylon and Indian plantations, and many mature analyzed trees, knows and has figured *C. Ledgeriana*",Dr. Trimen,Dr.,,,"Described and figured C. ledgeriana; selected a tree for specimens; has 'seen the Ceylon and Indian plantations, and many mature analyzed trees'.",,,,,S03-P09,clear,,S04-P01 (probable),,
S03-P03,person,,S03,"The Tropical Agriculturist, July 1883, p. 37",OCR line 5,raised from McIvor's seed by me,McIvor,,,,"Source of the seed from which the figured plant was raised (as printed, 'McIvor's seed'); no title or forename printed.",,,,,S03-P09,clear,,,Printed without title or initials; not expanded.,
S03-P04,person,,S03,"The Tropical Agriculturist, July 1883, p. 37",OCR line 5,planted on Mahanilu by Mr. Agar,Mr. Agar,,Mahanilu,,Planted the figured plant on Mahanilu.,,,,,S03-P09,clear,,S04-P02 (probable),,
S03-P05,person,,S03,"The Tropical Agriculturist, July 1883, p. 37",OCR line 5,its descent from Ledger's original seed is undoubted,Ledger,,,,'Ledger's original seed' is the stated origin of the figured plant's line.,,,,,S03-P09,clear,,,"Printed as 'Ledger' only; no forename or title; not expanded. The plant name 'Ledgeriana' is, by common usage, derived from this name, but the text does not say so.",
S03-P06,person,,S03,"The Tropical Agriculturist, July 1883, p. 37",OCR line 5,Mr. T. Christy's Bolivian calisaya seedlings,Mr. T. Christy,,,,Owner of 'Bolivian calisaya seedlings'; spelled 'Christy' (not 'Christie').,,,,,S03-P09,clear,,,Spelling 'Christy' differs from 'Christie' (the letter-writer); treated as a different person; not expanded.,
S03-P07,person,,S03,"The Tropical Agriculturist, July 1883, p. 37","OCR line 9, 13","Mr. J. A. Campbell of Lindula, Ceylon, who was anxious to have a perfectly authentic strain",Mr. J. A. Campbell,,"Lindula, Ceylon",,Received three rooted cuttings; wrote to the letter-writer on 5th instant; quoted at length.,,,,,S03-P09,clear,,S04-P06 (probable),,
S03-P08,person,,S03,"The Tropical Agriculturist, July 1883, p. 37","OCR line 13, 15",according to Mr. Moens' idea of one … Moens' identification of Dr. Trimen's plant,Mr. Moens,,,,Has an 'idea' of a pure-type Ledgeriana tree; identified Dr. Trimen's plant; forwarded seed to Mr. Howard; the writer asks 'why should the infallibility of Moens be relied on'.,,,,,S03-P09,clear,,S04-P05 (probable),,
S03-P09,person,,S03,"The Tropical Agriculturist, July 1883, p. 37","OCR line 1, 3, 19","MR. T. N. CHRISTIE TO THE RESCUE. … St. Andrew's, Maskeliya, 7th June 1883. … THOS. NORTH CHRISTIE.",THOS. NORTH CHRISTIE (signature); MR. T. N. CHRISTIE (title),,"St. Andrew's, Maskeliya",7th June 1883,Letter-writer; says he raised plants from McIvor's seed ('by me').,,,,,,clear,,S04-P04 (probable),"First-person 'I'/'me'/'my' throughout S03 is read as this person, because the letter is signed by him.",
S03-T01,plant,plant (tree),S03,"The Tropical Agriculturist, July 1883, p. 37",OCR line 5,"The plant which Dr. Trimen figured was one of those raised from McIvor's seed by me, and planted on Mahanilu by Mr. Agar, and its descent from Ledger's original seed is undoubted.",The plant which Dr. Trimen figured,,Mahanilu,,One of those raised from McIvor's seed by the writer; planted on Mahanilu by Mr. Agar; descent from Ledger's original seed 'undoubted'; also called 'the Ledger figured by Dr. Trimen' and 'his figured type'.,,,,,S03-P09,clear,,S04-T01 (probable),,
S03-T02,plant,plant group,S03,"The Tropical Agriculturist, July 1883, p. 37",OCR line 5,"Other plants, exactly similar in blossom, raised from the same pinch of seed, have given over 12, 13 and 14 per cent sulphate of quinine","Other plants, exactly similar in blossom, raised from the same pinch of seed",,,,"Analyses 'over 12, 13 and 14 per cent sulphate of quinine'.",,,,,S03-P09,clear,,,'the same pinch of seed' is read as the seed that produced S03-T01; the three analyses are not tied to individual plants or dates.,
S03-T03,plant,tree group,S03,"The Tropical Agriculturist, July 1883, p. 37",OCR line 5,"the very trees which Mr. Howard called in to help him, the Yarrow Ledgers, have the same blossom, and came out of the same nursery bed as the Ledger figured by Dr. Trimen!",the Yarrow Ledgers,,,,Called in by Mr. Howard 'to help him'; 'have the same blossom'; 'came out of the same nursery bed'.,,,,,S03-P09,clear,,,'Yarrow' appears to be a place or owner's name but the text does not say.,
S03-T04,plant,tree,S03,"The Tropical Agriculturist, July 1883, p. 37",OCR line 5,"Dr. Trimen selected a tree here for specimens, as being botanically a typical Ledger, and his selection was well borne out, when, on the following day, the analysis of that very tree arrived from England and showed 11.29 S.",a tree [selected by Dr. Trimen],,here,,Selected 'as being botanically a typical Ledger'; its analysis 'showed 11.29 S.' (analysis arrived the following day).,,,,,S03-P09,clear,,,"'here' is read as the place named in the dateline (St. Andrew's, Maskeliya). 'S.' is read as sulphate of quinine; the text does not spell this out. Percentage unit not printed.",
S03-T05,plant,seedlings / plants,S03,"The Tropical Agriculturist, July 1883, p. 37",OCR line 5,"When Mr. Howard goes on to identify by these characteristics Mr. T. Christy's Bolivian calisaya seedlings as true Ledgerianas … I have some of Mr. T. Christy's Bolivian plants, 18 months old, and I most certainly say they are not Ledgers. They seem to be Calisayas of some kind",Mr. T. Christy's Bolivian calisaya seedlings,,,18 months old,Identified by Mr. Howard as true Ledgerianas; the writer says they 'are not Ledgers' and 'seem to be Calisayas of some kind'; the writer has some.,,,,,S03-P09,clear,,,'seedlings' and 'plants' are read as the same stock (the second sentence says 'some of ... plants').,
S03-T06,plant,figured plant (illustration),S03,"The Tropical Agriculturist, July 1883, p. 37",OCR line 5,"Dr. Trimen's illustration of the blossom (but not of the tree itself) is particularly good, a contrast to that given in Howard's great work, where the figured plant is far from being a typical Ledgeriana, if indeed it is one at all.",the figured plant [in Howard's great work],,,"written '9 months ago, in the Dikoya essay'","Quoted from the writer's own earlier essay; the plant figured is 'far from being a typical Ledgeriana, if indeed it is one at all'.",,,,,S03-P09,clear,,,"Also referred to as 'Mr. Howard's figured ""Ledgeriana""' (line 5), read as the same figured plant. Title of Howard's 'great work' not printed.",
S03-T07,plant,plant group,S03,"The Tropical Agriculturist, July 1883, p. 37",OCR line 5,"the misunderstanding which arose about the Annfield and Emelina Calisayas, some two years ago",the Annfield and Emelina Calisayas,,,some two years ago,"Subject of a 'misunderstanding'; 'most of these Calisayas seemed exactly similar to Mr. Howard's figured ""Ledgeriana""'.",,,,,S03-P09,clear,,,'Annfield' and 'Emelina' read as the names of two Calisaya stocks (or places); text does not say.,
S03-T08,plant,seed,S03,"The Tropical Agriculturist, July 1883, p. 37",OCR line 7,"In 1876, some seed was received at Kew from Java, and part of this was communicated to Mr. J. E. Howard, F. R. S., who raised seedlings.",some seed [received at Kew from Java],,Kew; Java,1876,Part of it communicated to Mr. J. E. Howard. Elsewhere (line 15) the writer says Mr. Howard 'wishes to believe' that 'the first seed received at Kew was genuine'.,,,,,"Kew Gardens Report for 1880, p. 12 (as quoted by S03-P09)",clear,,'the first seed received at Kew' (line 15) (probable),,
S03-T09,plant,seedlings and cuttings,S03,"The Tropical Agriculturist, July 1883, p. 37","OCR line 7, 9","who raised seedlings. He carefully selected the most promising of these, … very kindly supplied Kew with cuttings both of the figured and of another selected plant in the course of last year.",the figured [plant] and another selected plant,,,'in the course of last year' (relative to the 1880 Report),Cuttings of 'both the figured and ... another selected plant' were supplied to Kew.,,,,,"Kew Gardens Report for 1880, p. 12 (as quoted by S03-P09)",clear,,,"'last year' is relative to the Report, so the calendar year is not printed; it would be 1879 if the Report year is the publication year, but this is NOT stated. 'the figured' [plant] presumably = S03-T06.",
S03-T10,plant,rooted cuttings (3),S03,"The Tropical Agriculturist, July 1883, p. 37",OCR line 9,"Three of the rooted cuttings were given to Mr. J. A. Campbell of Lindula, Ceylon, who was anxious to have a perfectly authentic strain.",Three of the rooted cuttings,,"Lindula, Ceylon",,"Given to Mr. J. A. Campbell, 'anxious to have a perfectly authentic strain'.",,,,,"Kew Gardens Report for 1880, p. 12 (as quoted by S03-P09)",clear,,,,
S03-T11,plant,plants (3),S03,"The Tropical Agriculturist, July 1883, p. 37",OCR line 11,"Three other plants, imported at Kew from the same authentic strain were sent to Jamaica.","Three other plants, imported at Kew from the same authentic strain",,Jamaica,,Sent to Jamaica.,,,,,"Kew Gardens Report for 1880, p. 12 (as quoted by S03-P09)",uncertain,The paragraph heading is printed '*Indonesia*.—' but the content concerns Jamaica; probably a misprint or OCR error for 'Jamaica.'. Heading transcribed as printed; location taken from the sentence.,,,
S03-T12,plant,cuttings,S03,"The Tropical Agriculturist, July 1883, p. 37",OCR line 13,"those ""authentic"" cuttings, which I have seen in the Waltrim clearing, are not Ledgerianas at all","those ""authentic"" cuttings",,the Waltrim clearing,,Writer says they 'are not Ledgerianas at all'.,,,,,S03-P09,clear,,S03-T10 (probable: 'authentic' cuttings from Mr. Howard to Mr. Campbell),"The 'Waltrim clearing' is not said to be Mr. Campbell's, though Campbell's trees are discussed in the next sentence; ownership is inferred only.",
S03-T13,plant,"trees (3, from cuttings)",S03,"The Tropical Agriculturist, July 1883, p. 37",OCR line 13,"the trees I have (raised from cuttings received from Mr. Howard) Ledgerianas. Two of them are very shrubby in their growth, and with hard shiny leaves. The other is a Calisaya of the broad-leaved variety, very much like what I believe is called in Java *Calisaya Anglica*.",the trees I have (raised from cuttings received from Mr. Howard),,,,"Two 'very shrubby in their growth, and with hard shiny leaves'; the other 'a Calisaya of the broad-leaved variety'.",,,,,"P07 (quoted letter of 5th instant, as quoted by S03-P09)",clear,Span is a trimmed excerpt that begins mid-sentence ('...would think of calling the trees I have (...) Ledgerianas.').,,"The count of three is inferred from 'Two of them ... The other' and from the earlier 'Three of the rooted cuttings'. 'I' in the quotation is Mr. Campbell (quoted letter), not the letter-writer.",
S03-T14,plant,plant,S03,"The Tropical Agriculturist, July 1883, p. 37",OCR line 13,"I have also another plant that Mr. Howard kindly gave me which I understood him to say had been raised from Ledgeriana seed received from Java. This is the best, so far as appearance goes, but I should not call it a Ledgeriana.",another plant that Mr. Howard kindly gave me,,,,"Said (as understood) to be raised from Ledgeriana seed received from Java; 'the best, so far as appearance goes'; 'I should not call it a Ledgeriana'.",,,,,"P07 (quoted letter of 5th instant, as quoted by S03-P09)",clear,,,,
S03-T15,plant,seed,S03,"The Tropical Agriculturist, July 1883, p. 37",OCR line 5,Ledger's original seed,Ledger's original seed,,,,Stated origin of the figured plant's descent.,,,,,S03-P09,clear,,,,
S03-T16,plant,seed,S03,"The Tropical Agriculturist, July 1883, p. 37",OCR line 5,raised from McIvor's seed by me … the same pinch of seed,McIvor's seed ('the same pinch of seed'),,,,Seed from which the figured plant and 'other plants' were raised.,,,,,S03-P09,clear,,,'the same pinch of seed' is read as McIvor's seed; relation of McIvor's seed to Ledger's original seed is not stated beyond 'descent'.,
S03-T17,plant,seed,S03,"The Tropical Agriculturist, July 1883, p. 37",OCR line 15,he asserts that other seed forwarded to him by Mr. Moens as true Ledgeriana turned out to be nothing of the kind,other seed forwarded to him by Mr. Moens,,,,Mr. Howard 'asserts' it was not true Ledgeriana.,,,,,S03-P09,clear,,,,
S03-B01,sample,analysis (sample material not stated),S03,"The Tropical Agriculturist, July 1883, p. 37",OCR line 5,the analysis of that very tree arrived from England and showed 11.29 S.,the analysis of that very tree,,,,Arrived from England on the day after Dr. Trimen selected the tree; 'showed 11.29 S.'.,,,,,S03-P09,clear,,,Whether bark was analysed is not stated here. 'S.' read as sulphate of quinine (unit not spelled out).,
S03-A01,action,,S03,"The Tropical Agriculturist, July 1883, p. 37",OCR line 5,raised from McIvor's seed by me,,,,,,S03-P09,raised from McIvor's seed,S03-T01,,S03-P09,clear,,,,
S03-A02,action,,S03,"The Tropical Agriculturist, July 1883, p. 37",OCR line 5,planted on Mahanilu by Mr. Agar,,,Mahanilu,,,S03-P04,planted on Mahanilu,S03-T01,,S03-P09,clear,,,,
S03-A03,action,,S03,"The Tropical Agriculturist, July 1883, p. 37",OCR line 5,its descent from Ledger's original seed is undoubted,,,,,,S03-T01,descent from,S03-T15,,S03-P09,clear,,,,
S03-A04,action,,S03,"The Tropical Agriculturist, July 1883, p. 37",OCR line 5,"Other plants, exactly similar in blossom, raised from the same pinch of seed",,,,,,S03-T02,raised from the same pinch of seed,S03-T16,,S03-P09,clear,,,,
S03-A05,action,,S03,"The Tropical Agriculturist, July 1883, p. 37",OCR line 5,came out of the same nursery bed as the Ledger figured by Dr. Trimen,,,,,,S03-T03,came out of the same nursery bed as,S03-T01,,S03-P09,clear,,,,
S03-A06,action,,S03,"The Tropical Agriculturist, July 1883, p. 37",OCR line 5,"the very trees which Mr. Howard called in to help him, the Yarrow Ledgers",,,,,,S03-P01,called in to help him,S03-T03,,S03-P09,clear,,,,
S03-A07,action,,S03,"The Tropical Agriculturist, July 1883, p. 37",OCR line 5,Dr. Trimen selected a tree here for specimens,,,here,,,S03-P02,selected ... for specimens,S03-T04,,S03-P09,clear,,,,
S03-A08,action,,S03,"The Tropical Agriculturist, July 1883, p. 37",OCR line 5,the analysis of that very tree arrived from England,,,,,,S03-B01,analysis of that very tree,S03-T04,,S03-P09,clear,,,,
S03-A09,action,,S03,"The Tropical Agriculturist, July 1883, p. 37",OCR line 5,"The statement that the ""satin gloss and hairy margin of the leaves"" was put forward as a characteristic of true Ledgerianas is almost incredible.",,,,,,,was put forward as a characteristic of true Ledgerianas,,,S03-P09,clear,,agent probably S03-P01 (Mr. Howard),The text does not name who put the statement forward; the next sentence discusses Mr. Howard's use of 'these characteristics' and the opening refers to 'Mr. Howard's latest paper'.,
S03-A10,action,,S03,"The Tropical Agriculturist, July 1883, p. 37",OCR line 5,When Mr. Howard goes on to identify by these characteristics Mr. T. Christy's Bolivian calisaya seedlings as true Ledgerianas,,,,,,S03-P01,identify ... as true Ledgerianas,S03-T05,,S03-P09,clear,,,,
S03-A11,action,,S03,"The Tropical Agriculturist, July 1883, p. 37",OCR line 5,"I have some of Mr. T. Christy's Bolivian plants, 18 months old, and I most certainly say they are not Ledgers.",,,,,,S03-P09,have some of ...; say they are not Ledgers,S03-T05,,S03-P09,clear,,,,
S03-A12,action,,S03,"The Tropical Agriculturist, July 1883, p. 37",OCR line 5,Mr. T. Christy's Bolivian calisaya seedlings,,,,,,S03-P06,'s (possessive),S03-T05,,S03-P09,clear,,,Ownership is read from the possessive; no verb of owning is printed.,
S03-A13,action,,S03,"The Tropical Agriculturist, July 1883, p. 37",OCR line 5,is to a great extent due to Mr. Howard himself,,,,,Writer's claim that Ledgeriana-labelled cinchonas in Ceylon (and he suspects Jamaica) which are 'not that plant' are largely Mr. Howard's responsibility.,S03-P01,is to a great extent due to,,,S03-P09,clear,,,,
S03-A14,action,,S03,"The Tropical Agriculturist, July 1883, p. 37",OCR line 5,"most of these Calisayas seemed exactly similar to Mr. Howard's figured ""Ledgeriana""",,,,,,S03-T07,seemed exactly similar to,S03-T06,,S03-P09,clear,,,,
S03-A15,action,,S03,"The Tropical Agriculturist, July 1883, p. 37",OCR line 5,"here I may quote what I wrote 9 months ago, in the Dikoya essay",,,,9 months ago,Praised 'Dr. Trimen's illustration of the blossom (but not of the tree itself)'; criticised Howard's figured plant (S03-T06).,S03-P09,wrote ... in the Dikoya essay,S03-P02,,S03-P09,clear,,,Object recorded as Dr. Trimen because his illustration is the subject; the Dikoya essay is a publication not otherwise identified.,
S03-A16,action,,S03,"The Tropical Agriculturist, July 1883, p. 37",OCR line 7,some seed was received at Kew from Java,,,Kew; Java,1876,,,was received at Kew from Java,S03-T08,,"Kew Gardens Report for 1880, p. 12 (as quoted by S03-P09)",clear,,,Receiver stated only as 'Kew'; not a person record.,
S03-A17,action,,S03,"The Tropical Agriculturist, July 1883, p. 37",OCR line 7,"part of this was communicated to Mr. J. E. Howard, F. R. S.",,,,,,,was communicated to,S03-T08,S03-P01,"Kew Gardens Report for 1880, p. 12 (as quoted by S03-P09)",clear,,,,
S03-A18,action,,S03,"The Tropical Agriculturist, July 1883, p. 37",OCR line 7,who raised seedlings,,,,,,S03-P01,raised seedlings,S03-T09,,"Kew Gardens Report for 1880, p. 12 (as quoted by S03-P09)",clear,,,,
S03-A19,action,,S03,"The Tropical Agriculturist, July 1883, p. 37","OCR line 7, 9",very kindly supplied Kew with cuttings both of the figured and of another selected plant,,,,in the course of last year,,S03-P01,supplied Kew with cuttings,S03-T09,,"Kew Gardens Report for 1880, p. 12 (as quoted by S03-P09)",clear,,,Subject 'he' (Mr. Howard) follows 'He carefully selected the most promising of these'.,
S03-A20,action,,S03,"The Tropical Agriculturist, July 1883, p. 37",OCR line 9,"Three of the rooted cuttings were given to Mr. J. A. Campbell of Lindula, Ceylon",,,,,,,were given to,S03-T10,S03-P07,"Kew Gardens Report for 1880, p. 12 (as quoted by S03-P09)",clear,,,Giver not named; Kew is the probable giver.,
S03-A21,action,,S03,"The Tropical Agriculturist, July 1883, p. 37",OCR line 11,"Three other plants, imported at Kew from the same authentic strain were sent to Jamaica.",,,Jamaica,,,,were sent to Jamaica,S03-T11,,"Kew Gardens Report for 1880, p. 12 (as quoted by S03-P09)",uncertain,See S03-T11 (heading printed 'Indonesia').,,,
S03-A22,action,,S03,"The Tropical Agriculturist, July 1883, p. 37",OCR line 13,"those ""authentic"" cuttings, which I have seen in the Waltrim clearing",,,the Waltrim clearing,,,S03-P09,have seen,S03-T12,,S03-P09,clear,,,,
S03-A23,action,,S03,"The Tropical Agriculturist, July 1883, p. 37",OCR line 13,Mr. Campbell himself writes to me on 5th instant,,,,5th instant,,S03-P07,writes to me,S03-P09,,S03-P09,clear,,,,
S03-A24,action,,S03,"The Tropical Agriculturist, July 1883, p. 37",OCR line 13,the trees I have (raised from cuttings received from Mr. Howard),,,,,,S03-P01,cuttings received from,S03-T13,S03-P07,"P07 (quoted letter of 5th instant, as quoted by S03-P09)",clear,,,,
S03-A25,action,,S03,"The Tropical Agriculturist, July 1883, p. 37",OCR line 13,I have also another plant that Mr. Howard kindly gave me,,,,,,S03-P01,kindly gave me,S03-T14,S03-P07,"P07 (quoted letter of 5th instant, as quoted by S03-P09)",clear,,,,
S03-A26,action,,S03,"The Tropical Agriculturist, July 1883, p. 37",OCR line 15,"He clings to ""Mr. Moens' own authority"" only so far as he himself wishes to believe, viz., that the first seed received at Kew was genuine",,,,,Writer's claim: Mr. Howard relies on Mr. Moens' authority only as to the first Kew seed being genuine (S03-T08).,S03-P01,clings to ... authority,S03-P08,,S03-P09,clear,,,,
S03-A27,action,,S03,"The Tropical Agriculturist, July 1883, p. 37",OCR line 15,he repudiates Moens' identification of Dr. Trimen's plant,,,,,,S03-P01,repudiates ... identification of,S03-T01,,S03-P09,clear,,,'Dr. Trimen's plant' is read as S03-T01; the identifier of the plant (Moens) is recorded in the text.,
S03-A28,action,,S03,"The Tropical Agriculturist, July 1883, p. 37",OCR line 15,other seed forwarded to him by Mr. Moens as true Ledgeriana,,,,,,S03-P08,forwarded ... as true Ledgeriana,S03-T17,S03-P01,S03-P09,clear,,,,
S03-A29,action,,S03,"The Tropical Agriculturist, July 1883, p. 37",OCR line 15,he asserts that other seed forwarded to him by Mr. Moens as true Ledgeriana turned out to be nothing of the kind,,,,,,S03-P01,asserts ... turned out to be nothing of the kind,S03-T17,,S03-P09,clear,,,,
S03-A30,action,,S03,"The Tropical Agriculturist, July 1883, p. 37",OCR line 17,"Dr. Trimen, who has seen the Ceylon and Indian plantations, and many mature analyzed trees, knows and has figured *C. Ledgeriana*",,,,,,S03-P02,knows and has figured,S03-T01,,S03-P09,clear,,,"Object in the text is the species 'C. Ledgeriana', not the specific plant; link to S03-T01 is by context (title and first paragraph).",
S03-A31,action,,S03,"The Tropical Agriculturist, July 1883, p. 37",OCR line 17,"Mr. Howard, with the knowledge of hot-house plants and dried specimens, does not know and has not figured *C. Ledgeriana*",,,,,,S03-P09,concludes ... does not know and has not figured,S03-P01,,S03-P09,clear,,,,
