claim_id,subject,relation,object,attributed_to,source_id,date_as_stated,evidence,interpretation_note,human_review
C01,henry,sent_reply_from,peradeniya_garden,henry,S05,1883-11-21,"Royal Botanic Gardens, Peradeniya, 21st Nov. 1883.",,pending
C02,henry,replied_to_published_argument_by,howard,henry,S05,1883-11-21,"in reply to the letter of Mr. J. E. Howard on ""*Cinchona Ledgeriana*"" published in that periodical.",Reply addressed to editor; not evidence of a private letter sent directly to Howard.,pending
C03,illustrated_tree,identified_as,ledgeriana,henry,S06,1883-10-29,"the tree, apart from its stunted growth, was considered by Mr. Moens as a very characteristic example of the species.","Trimen’s account of Moens’s identification, endorsed in Trimen’s argument; does not resolve modern classification.",pending
C04,illustrated_tree,identified_as,micrantha_var,howard via Trimen,S06,1883-10-29,"(1) The plant figured by me = *C. micrantha*, var. *calisayoides* (probably);","Trimen reports Howard’s qualified identification, not an uncontested species assignment.",pending
C05,moens,showed_diagnostic_characters_to,henry,henry,S06,1880-09,"Mr. Moens visited Ceylon in September 1880, and it is to him that I am indebted for having first pointed out to me that the plant had good definite characters.",,pending
C06,christie,raised,illustrated_tree,christie,S03,1883-06-07,"The plant which Dr. Trimen figured was one of those raised from McIvor's seed by me, and planted on Mahanilu by Mr. Agar, and its descent from Ledger's original seed is undoubted.",Christie’s asserted provenance; not independently demonstrated chain of custody.,pending
C07,agar,planted,illustrated_tree,christie,S03,1883-06-07,planted on Mahanilu by Mr. Agar,,pending
C08,illustrated_tree,grew_at,mahanillu,agar,S04,1883-06-22,"It was one of several Mr. Moens saw in flower at Mahanillu estate, Dr. Trimen was with Mr. Moens, and both agreed the trees were true Ledgerianas.",,pending
C09,campbell,sent_neighbouring_bark_to,howard,agar,S04,1883-06-22,"The bark of some of these trees was sent home by Mr. Campbell for analysis to Mr. Howard,",From some trees in group; do not substitute illustrated tree as sample source.,pending
C10,howard,analysed_bark_from,neighbour_trees,agar,S04,1883-06-22,"who pronounced it to be Ledgeriana bark, giving 7 per cent of pure quinine (equal I believe to 9 of sulphate) and only a trace of other alkaloids.","Historical reported assay, with narrator’s qualified conversion; not independently validated measurement.",pending
C11,agar,held_bark_from,illustrated_tree,agar,S04,1883-06-22,"I have also in my possession the bark from the tree itself, but taken when it was dying.",,pending
C12,howard,disclaimed_species_authorship_for,pubescens_how,howard,S01,1881-04-29,"I find that I am credited with having created a new species of Cinchona, the ""*C. pubescens* How.""",Following sentences explicitly reject this attribution; preserve rejected name as historical usage.,pending
C13,markham,was_criticised_for_hybrid_parentage_of,pubescens_how,journal editorial voice,S01,1881-07,Mr. Clements Markham's mistake in putting it as a hybrid of *Calisaya* and *Officialis* was commented on.,Editorial attribution of an error; not a fresh independent botanical determination.,pending
C14,markham,collected_consignment_later_sent_to,nilgiris,Jayaweera retrospective,S07,event date not specified in excerpt,The first consignment of plants was collected and brought to Bombay by Mr. Clements R. Markham. As the plants were not quite healthy they were all sent to Neilgherry instead of a few being sent here as was first intended.,"Publication 1943; Markham brought plants to Bombay, onward consignment sent to Nilgiris. Does not establish that he accompanied the onward leg.",pending
