letter_id,sender,recipient,date,origin,folios,pages,images,herbarium,source,source_url,verification,subject,human_review
L1896-04-12,henry,dyer,1896-04-12,peradeniya,533,4,2,K,"User-supplied catalogue text, 2026-10-06",,catalogue_metadata_only,not_read,pending
L1896-07-20,henry,dyer,1896-07-20,peradeniya,538,4,2,K,"User-supplied catalogue text, 2026-10-06",,catalogue_metadata_only,not_read,pending
L1896-12-31,roland,dyer,1896-12-31,lancaster,540-541,6,4,K,"User-supplied catalogue text, 2026-10-06",,catalogue_metadata_only,not_read,pending
L1896-08-30,henry,dyer,1896-08-30,peradeniya,539,4,2,K,"User-supplied catalogue text, 2026-10-06",,catalogue_metadata_only,not_read,pending
L1896-05-11,henry,dyer,1896-05-11,peradeniya,535,4,2,K,"User-supplied catalogue text, 2026-10-06",,catalogue_metadata_only,not_read,pending
L1896-04-16,henry,dyer,1896-04-16,peradeniya,534,4,2,K,"User-supplied catalogue text, 2026-10-06",,catalogue_metadata_only,not_read,pending
L1896-07-05,henry,dyer,1896-07-05,peradeniya,537,4,2,K,"User-supplied catalogue text, 2026-10-06",,catalogue_metadata_only,not_read,pending
L1896-03-15,henry,dyer,1896-03-15,peradeniya,532,4,2,K,"User-supplied catalogue text, 2026-10-06",,catalogue_metadata_only,not_read,pending
L1896-06-03,henry,dyer,1896-06-03,peradeniya,536,2,2,K,"User-supplied catalogue text, 2026-10-06",,catalogue_metadata_only,not_read,pending
L1895-01-15,henry,dyer,1895-01-15,peradeniya,524-525,8,4,K,"User-supplied catalogue text, 2026-10-06",,catalogue_metadata_only,not_read,pending
L1895-03-17,henry,dyer,1895-03-17,peradeniya,527-528,7,4,K,"User-supplied catalogue text, 2026-10-06",,catalogue_metadata_only,not_read,pending
L1895-04-10,henry,dyer,1895-04-10,peradeniya,530-531,8,4,K,"User-supplied catalogue text, 2026-10-06",,catalogue_metadata_only,not_read,pending
L1895-02-27,henry,dyer,1895-02-27,peradeniya,526,4,2,K,"User-supplied catalogue text, 2026-10-06",,catalogue_metadata_only,not_read,pending
L1894-11-13,henry,dyer,1894-11-13,peradeniya,521-523,12,6,K,"User-supplied catalogue text, 2026-10-06",,catalogue_metadata_only,not_read,pending
L1894-07-04,henry,dyer,1894-07-04,peradeniya,515-516,8,4,K,"User-supplied catalogue text, 2026-10-06",,catalogue_metadata_only,not_read,pending
L1894-04-15,henry,dyer,1894-04-15,hakgala_locality,512-514,12,6,K,"User-supplied catalogue text, 2026-10-06",,catalogue_metadata_only,not_read,pending
L1894-10-10,henry,dyer,1894-10-10,peradeniya,519-520,8,4,K,"User-supplied catalogue text, 2026-10-06",,catalogue_metadata_only,not_read,pending
L1894-09-10,henry,dyer,1894-09-10,peradeniya,517-518,8,4,K,"User-supplied catalogue text, 2026-10-06",,catalogue_metadata_only,not_read,pending
L1894-04-03,henry,morris,1894-04-03,peradeniya,510-511,7,4,K,"User-supplied catalogue text, 2026-10-06",,catalogue_metadata_only,not_read,pending
L1894-01-15,henry,dyer,1894-01-15,peradeniya,507-509,12,6,K,"User-supplied catalogue text, 2026-10-06",,catalogue_metadata_only,not_read,pending
L1893-08-29,henry,dyer,1893-08-29,peradeniya,501-502,8,4,K,"User-supplied catalogue text, 2026-10-06",,catalogue_metadata_only,not_read,pending
L1893-03-07,henry,dyer,1893-03-07,peradeniya,491-492,7,4,K,"User-supplied catalogue text, 2026-10-06",,catalogue_metadata_only,not_read,pending
L1893-03-21,henry,dyer,1893-03-21,peradeniya,493-494,6,4,K,"User-supplied catalogue text, 2026-10-06",,catalogue_metadata_only,not_read,pending
L1893-07-05,henry,dyer,1893-07-05,peradeniya,496-497,6,4,K,"User-supplied catalogue text, 2026-10-06",,catalogue_metadata_only,not_read,pending
L1893-06-07,henry,dyer,1893-06-07,peradeniya,495,4,2,K,"User-supplied catalogue text, 2026-10-06",,catalogue_metadata_only,not_read,pending
